---UNCOMMENT FOR SUBMISSION
---DROP DATABASE IF EXISTS SID_Database;
---CREATE DATABASE IF NOT EXISTS SID_Database;
---USE SID_Database;


CREATE TABLE STUDENT(
    NSHE_ID char(10) primary key,
    First_Name varchar(15) not null,
    Last_Name varchar(15) not null,
    Enrollment char(1),
    GPA decimal(1.2),
    Student_Type varchar(1)
);




---Original Generated by ChatGPT mainly used
---To test data. Altered and modified to ensure accuracy. 
INSERT INTO STUDENT VALUES 
('1234567890', 'John', 'Doe', 'F', 3.5, 'U'),
('9876543210', 'Jane', 'Smith', 'P', 3.8, 'G'),
('5678901234', 'Robert', 'Johnson', 'F', 2.9, 'U'),
('0123456789', 'Emily', 'Anderson', 'P', 3.2, 'G'),
('1112233344', 'David', 'White', 'F', 3.1, 'U'),
('4455667788', 'Sophia', 'Miller', 'P', 3.9, 'G'),
('9988776655', 'Brian', 'Jones', 'F', 2.8, 'U'),
('6677889900', 'Olivia', 'Davis', 'P', 3.5, 'G'),
('1122334455', 'Christopher', 'Wilson', 'F', 3.4, 'U'),
('5566778899', 'Ava', 'Moore', 'P', 3.7, 'G'),
('3322114455', 'Matthew', 'Taylor', 'F', 2.7, 'U'),
('5544332211', 'Emma', 'Martin', 'P', 3.6, 'G'),
('2233445566', 'Daniel', 'Brown', 'F', 3.0, 'U'),
('7788990011', 'Mia', 'Jackson', 'P', 3.3, 'G'),
('2001922785', 'Andrew', 'Harris', 'F', 3.2, 'U'),
('3344556677', 'Sofia', 'Clark', 'P', 3.8, 'G'),
('1022334455', 'William', 'Lewis', 'F', 2.9, 'U'),
('5566768899', 'Ella', 'Hill', 'P', 3.1, 'G'),
('1122334456', 'James', 'Baker', 'F', 3.6, 'U'),
('5566778896', 'Isabella', 'Lopez', 'P', 3.9, 'G'),
('1122334457', 'Benjamin', 'Ward', 'F', 2.8, 'U'),
('5566778895', 'Amelia', 'Young', 'P', 3.4, 'G'),
('1122334458', 'Lucas', 'Rodriguez', 'F', 3.3, 'U'),
('5566778894', 'Mason', 'Turner', 'P', 3.2, 'G'),
('1122334459', 'Ethan', 'Green', 'F', 3.7, 'U'),
('5566778893', 'Harper', 'Cooper', 'P', 3.5, 'G'),
('1122334460', 'Alexander', 'Ward', 'F', 3.0, 'U'),
('5566778892', 'Abigail', 'Perry', 'P', 3.6, 'G'),
('1122334461', 'Henry', 'Carter', 'F', 2.9, 'U'),
('5566778891', 'Evelyn', 'Reed', 'P', 3.8, 'G'),
('1122334462', 'Sebastian', 'Hill', 'F', 2.7, 'U'),
('5566778890', 'Aria', 'Barnes', 'P', 3.1, 'G'),
('1122334463', 'Joseph', 'Phillips', 'F', 3.2, 'U'),
('5566778889', 'Scarlett', 'Fisher', 'P', 3.3, 'G'),
('1122334464', 'Samuel', 'Gomez', 'F', 3.4, 'U'),
('5566778888', 'Victoria', 'Collins', 'P', 3.9, 'G'),
('1122334465', 'David', 'Simmons', 'F', 2.8, 'U'),
('5566778887', 'Grace', 'Sanders', 'P', 3.0, 'G'),
('1122334466', 'Carter', 'Floyd', 'F', 3.5, 'U'),
('5566778886', 'Jackson', 'Bryant', 'P', 3.6, 'G'),
('1122334467', 'Liam', 'Kelly', 'F', 3.1, 'U'),
('5566778885', 'Lily', 'Gonzalez', 'P', 3.2, 'G'),
('2001699515', 'JP', 'Morgan', 'P', 3.7, 'U'),
('3334445556', 'Eva', 'Brown', 'P', 3.7, 'G'),
('2244123456', 'Michael', 'Taylor', 'F', 2.5, 'U'),
('6543210987', 'Sophie', 'Martin', 'P', 3.6, 'G'),
('8901234567', 'William', 'Lee', 'F', 3.0, 'U'),
('2345678901', 'Emma', 'Johnson', 'P', 3.9, 'G'),
('4567890123', 'Daniel', 'Clark', 'F', 2.7, 'U'),
('5678991234', 'Ava', 'Garcia', 'P', 3.8, 'G'),
('6789012345', 'Matthew', 'Wang', 'F', 3.2, 'U'),
('7890123456', 'Grace', 'Smith', 'P', 3.5, 'G'),
('9012345678', 'Caleb', 'Baker', 'F', 2.9, 'U'),
('6543219870', 'Liam', 'Thompson', 'F', 2.9, 'U'),
('5432108765', 'Avery', 'Baker', 'P', 3.5, 'U'),
('4321097654', 'Hannah', 'Hill', 'F', 3.2, 'U'),
('3210986543', 'Jack', 'Cooper', 'P', 3.6, 'U'),
('2109875432', 'Sophia', 'Ward', 'F', 3.1, 'U'),
('1098764321', 'Ethan', 'Floyd', 'P', 3.7, 'U'),
('9876543219', 'Aria', 'Carter', 'F', 3.4, 'U'),
('8765432108', 'Mia', 'Turner', 'P', 3.8, 'U'),
('7654321097', 'Noah', 'Reed', 'F', 2.8, 'U'),
('6543210986', 'Isabella', 'Morgan', 'P', 3.3, 'U'),
('5432109875', 'Caleb', 'Harris', 'F', 3.5, 'U'),
('4321098764', 'Grace', 'Phillips', 'P', 3.0, 'U'),
('3210987653', 'Lucas', 'Kelly', 'F', 3.9, 'U'),
('2109876542', 'Lily', 'Gomez', 'P', 3.2, 'U'),
('1098765431', 'Jackson', 'Clark', 'F', 3.6, 'U'),
('9988776650', 'Ava', 'Wang', 'P', 3.1, 'U'),
('8877665544', 'Mason', 'Lewis', 'F', 2.9, 'U'),
('7766554433', 'Emma', 'Brown', 'P', 3.7, 'U'),
('6655443322', 'Daniel', 'Smith', 'F', 3.3, 'U'),
('5987332211', 'Ella', 'Davis', 'P', 3.8, 'U'),
('4433221100', 'Ethan', 'Johnson', 'F', 3.5, 'U'),
('3322110099', 'Avery', 'Garcia', 'P', 3.9, 'U'),
('2211009988', 'Olivia', 'Anderson', 'F', 3.2, 'U'),
('1100998877', 'Liam', 'Wilson', 'P', 3.6, 'U'),
('2233445500', 'Aria', 'Jones', 'F', 3.1, 'U'),
('3344556600', 'Mia', 'Taylor', 'P', 3.7, 'U'),
('4455667700', 'Noah', 'Hill', 'F', 3.4, 'U'),
('5566778800', 'Sophia', 'Moore', 'P', 3.8, 'U'),
('667788958', 'William', 'Baker', 'F', 3.0, 'U'),
('7788990000', 'Ella', 'Clark', 'P', 3.5, 'U'),
('8899001111', 'Lucas', 'Ward', 'F', 3.9, 'U'),
('1122334450', 'Ava', 'Turner', 'P', 3.2, 'U'),
('2233445560', 'Liam', 'Floyd', 'F', 3.6, 'U'),
('3344556670', 'Hannah', 'Carter', 'P', 3.1, 'U'),
('4455667780', 'Jack', 'Reed', 'F', 3.7, 'U'),
('5566200090', 'Sophia', 'Hill', 'P', 3.3, 'U'),
('6677889901', 'Ethan', 'Barnes', 'F', 3.8, 'U'),
('7788990012', 'Aria', 'Phillips', 'P', 3.5, 'U'),
('8899001123', 'Mia', 'Fisher', 'F', 3.0, 'U'),
('6022334460', 'Lucas', 'Gomez', 'P', 3.9, 'U'),
('2233445561', 'Lily', 'Collins', 'F', 3.2, 'U'),
('3344556672', 'Jackson', 'Sanders', 'P', 3.6, 'U'),
('4455667783', 'Emma', 'Floyd', 'F', 3.1, 'U'),
('5500008894', 'Daniel', 'Bryant', 'P', 3.7, 'U'),
('6677889905', 'Ava', 'Kelly', 'F', 3.4, 'U'),
('7788990016', 'Liam', 'Gonzalez', 'P', 3.8, 'U'),
('8899001127', 'Sophia', 'Morgan', 'F', 3.3, 'U'),
('1122334468', 'Ethan', 'Taylor', 'P', 3.6, 'U'),
('2233445569', 'Avery', 'Martin', 'F', 3.2, 'U'),
('1122334469', 'Eva', 'Williams', 'F', 3.4, 'G'),
('2233445570', 'Michael', 'Thompson', 'P', 3.6, 'G'),
('3344556673', 'Sophie', 'Davis', 'F', 3.2, 'G'),
('4455667784', 'William', 'Cooper', 'P', 3.7, 'G'),
('5520778895', 'Emma', 'Ward', 'F', 3.1, 'G'),
('6677889906', 'Daniel', 'Floyd', 'P', 3.8, 'G'),
('7788990017', 'Ava', 'Carter', 'F', 3.3, 'G'),
('8899001128', 'Mia', 'Turner', 'P', 3.9, 'G'),
('1122334470', 'Oliver', 'Hill', 'F', 2.9, 'G'),
('2233445571', 'Isabella', 'Morgan', 'P', 3.5, 'G'),
('3344556674', 'Caleb', 'Harris', 'F', 3.6, 'G'),
('4455667785', 'Grace', 'Phillips', 'P', 3.0, 'G'),
('2233578896', 'Lucas', 'Kelly', 'F', 3.9, 'G'),
('6677889907', 'Lily', 'Gomez', 'P', 3.2, 'G'),
('7788990018', 'Jackson', 'Clark', 'F', 3.6, 'G'),
('8899001129', 'Ava', 'Wang', 'P', 3.1, 'G'),
('1122334472', 'Olivia', 'Lewis', 'F', 2.9, 'G'),
('2233445573', 'Ella', 'Brown', 'P', 3.7, 'G'),
('3344556676', 'Noah', 'Smith', 'F', 3.3, 'G'),
('4455667787', 'Sophia', 'Davis', 'P', 3.8, 'G'),
('5566778898', 'William', 'Baker', 'F', 3.0, 'G'),
('6677889909', 'Ella', 'Clark', 'P', 3.5, 'G'),
('7788990020', 'Lucas', 'Ward', 'F', 3.9, 'G'),
('8899001131', 'Lily', 'Turner', 'P', 3.2, 'G'),
('1122334474', 'Jackson', 'Floyd', 'F', 3.6, 'G'),
('2233445575', 'Hannah', 'Carter', 'P', 3.1, 'G'),
('3344556678', 'Jack', 'Reed', 'F', 3.7, 'G'),
('4455667789', 'Sophia', 'Hill', 'P', 3.3, 'G'),
('5588008890', 'Ethan', 'Barnes', 'F', 3.8, 'G'),
('6677889911', 'Aria', 'Phillips', 'P', 3.5, 'G'),
('7788990022', 'Mia', 'Fisher', 'F', 3.0, 'G'),
('8899001133', 'Lucas', 'Gomez', 'P', 3.9, 'G'),
('1122334476', 'Lily', 'Collins', 'F', 3.2, 'G'),
('2233445577', 'Jackson', 'Sanders', 'P', 3.6, 'G'),
('3344556680', 'Emma', 'Floyd', 'F', 3.1, 'G'),
('4455667791', 'Daniel', 'Bryant', 'P', 3.7, 'G'),
('5569018892', 'Ava', 'Kelly', 'F', 3.4, 'G'),
('6677889914', 'Liam', 'Gonzalez', 'P', 3.8, 'G'),
('7788990025', 'Sophia', 'Morgan', 'F', 3.3, 'G'),
('8899001136', 'Ethan', 'Taylor', 'P', 3.6, 'G');


---Data deletion
DELETE FROM STUDENT
WHERE NSHE_ID='3322114455';

---UPDATE 10013
UPDATE STUDENT
SET GPA = '3.9'
WHERE NSHE_ID='1122334459';


CREATE TABLE STU_UNDERGRAD(
    Minor varchar(55) not null,
    Internship_Exp varchar(35),
    NSHE_ID char(10) primary key references STUDENT(NSHE_ID)
);



INSERT INTO STU_UNDERGRAD (Minor, Internship_Exp, NSHE_ID) VALUES 
('Computer Science', 'Tech Innovators', '1022334455'),
('Business Administration', 'Global Ventures', '1098764321'),
('Marketing', 'Creative Marketing Solutions', '1098765431'),
('Electrical Engineering', 'Power Systems Inc.', '1100998877'),
('Psychology', 'Mind Matters Counseling', '1112233344'),
('Finance', 'Capital Strategies Group', '1122334450'),
('History', 'Historical Archives LLC', '1122334455'),
('Mathematics', 'Quantum Mathematics Institute', '1122334456'),
('English', 'Literary Express', '1122334457'),
('Biology', 'BioTech Labs', '1122334458'),
('Chemistry', 'Chemical Solutions Ltd.', '1122334459'),
('Physics', 'Quantum Dynamics Research', '1122334460'),
('Geology', 'Earth Sciences Exploration', '1122334461'),
('Political Science', 'Government Affairs Consulting', '1122334462'),
('Sociology', 'Social Dynamics Research Group', '1122334463'),
('Anthropology', 'Cultural Heritage Expeditions', '1122334464'),
('Art History', 'Artistic Expressions Gallery', '1122334465'),
('Economics', 'Economic Insights Corporation', '1122334466'),
('Philosophy', 'Philosophical Inquiries Institute', '1122334467'),
('Computer Engineering', 'Digital Systems Technologies', '1122334468'),
('Nursing', 'Healthcare Solutions Providers', '1234567890'),
('Civil Engineering', 'Urban Infrastructure Development', '2001699515'),
('Mechanical Engineering', 'Mechatronics Innovations', '2001922785'),
('Environmental Science', 'EcoSolutions Environmental', '2109875432'),
('Biomedical Science', 'Biomed Innovations', '2109876542'),
('Graphic Design', 'Visual Arts Creations', '2211009988'),
('Mechanical Engineering', 'Advanced Robotics Systems', '2233445500'),
('Computer Science', 'Software Solutions Ltd.', '2233445560'),
('Computer Science', 'Data Analytics Co.', '2233445561'),
('Mathematics', 'Statistical Insights Group', '2233445566'),
('Chemistry', 'Chemical Research Innovations', '2233445569'),
('Civil Engineering', 'Urban Planning Associates', '2244123456'),
('Psychology', 'Behavioral Health Solutions', '3210986543'),
('Economics', 'Financial Analysis Corporation', '3210987653'),
('Political Science', 'Political Affairs Consulting', '3322110099'),
('Environmental Science', 'Environmental Conservation Society', '3344556600'),
('Biomedical Science', 'Biotech Research Solutions', '3344556670'),
('Environmental Science', 'Green Earth Solutions', '3344556672'),
('Mechanical Engineering', 'Precision Machinery Systems', '4321097654'),
('Electrical Engineering', 'ElectroTech Innovations', '4321098764'),
('Political Science', 'Public Policy Research Institute', '4433221100'),
('Finance', 'Investment Strategies LLC', '4455667700'),
('Finance', 'Financial Advisory Services', '4455667780'),
('Finance', 'Quantitative Finance Solutions', '4455667783'),
('Computer Science', 'Tech Solutions Corporation', '4567890123'),
('English', 'Publishing House Ltd.', '5432108765'),
('History', 'Historical Preservation Society', '5432109875'),
('Marketing', 'Digital Marketing Solutions', '5500008894'),
('Marketing', 'Brand Management Group', '5566200090'),
('Philosophy', 'Philosophical Society', '5566778800'),
('Political Science', 'International Relations Council', '5678901234'),
('Biology', 'Biological Research Institute', '5987332211'),
('Physics', 'Physics Research Foundation', '6022334460'),
('Graphic Design', 'Creative Design Studios', '6543210986'),
('Graphic Design', 'Digital Arts Collective', '6543219870'),
('Biomedical Science', 'Health Research Institute', '6655443322'),
('Psychology', 'Counseling and Therapy Services', '667788958'),
('Psychology', 'Behavioral Research Institute', '6677889901'),
('Sociology', 'Social Sciences Research Group', '6677889905'),
('Business Administration', 'Leadership Development Institute', '6789012345'),
('Finance', 'Financial Planning Services', '7654321097'),
('Computer Engineering', 'Hardware Systems Technologies', '7766554433'),
('Electrical Engineering', 'Electric Power Solutions', '7788990000'),
('Mechanical Engineering', 'Mechanical Systems Innovations', '7788990012'),
('Environmental Science', 'Sustainable Solutions Network', '7788990016'),
('Civil Engineering', 'Infrastructure Engineering Group', '8765432108'),
('Graphic Design', 'Artistic Design Solutions', '8877665544'),
('Business Administration', 'Entrepreneurship Ventures', '8899001111'),
('Marketing', 'Market Research Solutions', '8899001123'),
('Marketing', 'Advertising Strategies Inc.', '8899001127'),
('Economics', 'Economic Development Corporation', '8901234567'),
('Biomedical Science', 'Healthcare Innovations Research', '9012345678'),
('Environmental Science', 'Climate Change Solutions', '9876543219'),
('Computer Science', 'AI Technologies Development', '9988776650'),
('Computer Science', 'Software Engineering Solutions', '9988776655');

---Data deletion
DELETE FROM STU_UNDERGRAD
WHERE NSHE_ID='1122334466';

---UPDATE Data
UPDATE STU_UNDERGRAD
SET Internship_EXP = 'Corsair'
WHERE NSHE_ID='2001699515';



CREATE TABLE CLUB(
	Club_ID char(5) NOT NULL Primary Key,
	Purpose varchar (500),
	Club_Name varchar (30) NOT NULL,
	Budget decimal (7.2) default 50
);

ALTER table CLUB
    modify Budget decimal (7.2) default 100;

###DATA Update for club
Alter Table CLUB
   modify Club_Name varchar (30) NOT NULL;

Alter Table CLUB 
    modify Purpose varchar (500);

---It is case sensitive. It will not find it if not spelled exact
Alter Table CLUB 
    ADD COLUMN Budget decimal(7.2);


-- Data Insertion with Assigned Budgets
INSERT INTO CLUB (Club_ID, Purpose, Club_Name, Budget) VALUES
('10001', 'Sports', 'Team A', 200),
('10002', 'Fosters creativity, supports artistic expression, and builds community among those passionate about visual and creative arts.', 'Painters', 800),
('10003', 'Music', 'Melody Makers', 1500),
('10004', 'Science', 'Tech Explorers', 300),
('10005', 'Community Service', 'Helping Hands', 1000),
('10006', 'Sports', 'Fitness Fanatics', 4000),
('10007', 'Technology', 'Code Wizards', 600),
('10008', 'Literature', 'Bookworms', 2500),
('10009', 'Science', 'Lab Rats', 150),
('10010', 'Art', 'Sculpture Society', 700),
('10011', 'Music', 'Harmony Club', 5000),
('10012', 'Community Service', 'Kindness Crew', 250),
('10013', 'Technology', 'Innovators', 1200),
('10014', 'Sports', 'Runners Club', 3000),
('10015', 'Literature', 'Poetry Enthusiasts', 450),
('10016', 'Science', 'Space Explorers', 2000),
('10017', 'Art', 'Drawing Club', 8000),
('10018', 'Music', 'Rhythm Nation', 350),
('10019', 'Community Service', 'Green Team', 1800),
('10020', 'Technology', 'Code Breakers', 6000),
('10021', 'Sports', 'Basketball Buddies', 400),
('10022', 'Science', 'Nature Lovers', 1300),
('10023', 'Art', 'Crafty Creators', 10000),
('10024', 'Music', 'Instrumentalists', 550),
('10025', 'Literature', 'Creative Writers', 2200),
('10026', 'Community Service', 'Caring Souls', 12000),
('10027', 'Technology', 'Digital Explorers', 320),
('10028', 'Sports', 'Soccer Stars', 1600),
('10029', 'Science', 'Eco Warriors', 15000),
('10030', 'Art', 'Photography Club', 700),
('10031', 'Music', 'Choir', 2800),
('10032', 'Community Service', 'Food Drive Team', 20000),
('10033', 'Technology', 'Tech Titans', 280),
('10034', 'Sports', 'Volleyball Vipers', 1700),
('10035', 'Science', 'Chemistry Club', 25000),
('10036', 'Art', 'Cinema Club', 600),
('10037', 'Music', 'Guitar Guild', 35000),
('10038', 'Literature', 'Drama Club', 230),
('10039', 'Community Service', 'Community Builders', 1900),
('10040', 'Technology', 'App Developers', 40000),
('10041', 'Sports', 'Track and Field', 270),
('10042', 'Science', 'Biology Buffs', 2300),
('10043', 'Art', 'Dance Ensemble', 45000),
('10044', 'Music', 'Orchestra', 750),
('10045', 'Literature', 'Debate Club', 5500),
('10046', 'Community Service', 'Volunteer Squad', 5200),
('10047', 'Technology', 'Robotics Club', 300),
('10048', 'Sports', 'Golf Gurus', 1500),
('10049', 'Science', 'Astronomy Club', 1200),
('10050', 'Art', 'Mural Masters', 8000),
('10051', 'Politics', 'Polorazing Talk', 2500);



---Data deletion
DELETE FROM CLUB
WHERE Club_ID='10051'

---UPDATE 10013
UPDATE CLUB
SET Purpose = 'Develop and Talk about tech innovation'
WHERE Club_ID = '10013'

---UPDATE FOR VALUES IN BUDGET COLUMN FOR CLUB_ID 


CREATE TABLE STUDENT_PHONE(
    NSHE_ID char(10) references STUDENT(NSHE_ID),
    Phone_Number varchar(10) primary key

);
---Data Update for STUDENT_PHONE 
Alter Table STUDENT_PHONE
    modify Phone_Number varchar(10);


---DATA ENTRY FOR TABLES


--------- replaced NSHEID with actual NSHEID from STUDENT TABLE
INSERT INTO STUDENT_PHONE (NSHE_ID, PHONE_NUMBER) VALUES
('1234567890', '5551009876'),
('9876543210', '5552001234'),
('5678901234', '5553005678'),
('0123456789', '5554004321'),
('1112233344', '5555008765'),
('4455667788', '5556001234'),
('9988776655', '5557005678'),
('6677889900', '5558004321'),
('1122334455', '5559008765'),
('5566778899', '5551012345'),
('5544332211', '5552015678'),
('2233445566', '5553014321'),
('7788990011', '5554018765'),
('2001922785', '5555012345'),
('3344556677', '5556015678'),
('1022334455', '5557014321'),
('5566768899', '5558018765'),
('1122334456', '5559012345'),
('5566778896', '5551025678'),
('1122334457', '5552024321'),
('5566778895', '5553028765'),
('1122334458', '5554025678'),
('5566778894', '5555024321'),
('1122334459', '5556028765'),
('5566778893', '5557025678'),
('1122334460', '5558024321'),
('5566778892', '5559028765'),
('1122334461', '5551032345'),
('5566778891', '5552035678'),
('1122334462', '5553034321'),
('5566778890', '5554038765'),
('1122334463', '5555032345'),
('5566778889', '5556035678'),
('1122334464', '5557034321'),
('5566778888', '5558038765'),
('1122334465', '5559032345'),
('5566778887', '5551045678'),
('1122334466', '5552044321'),
('5566778886', '5553048765'),
('1122334467', '5554045678'),
('5566778885', '5555044321'),
('2001699515', '5556048765');


CREATE Table STU_GRAD(
NSHE_ID char(10) primary key references STUDENT(NSHE_ID),
Thesis Varchar (55) not null,
Assistant_Type Varchar (20) not null
);


-- Insert sample data into STU_GRAD
INSERT INTO STU_GRAD (NSHE_ID, Thesis, Assistant_Type)
VALUES
    ('1122334469', 'Healthcare Analytics Trends', 'Research Assistant'),
    ('1122334470', 'AI Impact on Business Strategies', 'Teaching Assistant'),
    ('1122334472', 'Enhancing IoT Cybersecurity', 'Research Assistant'),
    ('1122334474', 'Blockchain in Finance', 'Teaching Assistant'),
    ('1122334476', 'Sustainable Environmental Practices', 'Research Assistant'),
    ('2233445570', 'HCI in Virtual Environments', 'Teaching Assistant'),
    ('2233445571', 'Big Data for Social Impact', 'Research Assistant'),
    ('2233445573', 'Advancements in Software Engineering', 'Teaching Assistant'),
    ('2233445575', 'Quantum Computing for Security', 'Research Assistant'),
    ('2233445577', 'Neural Networks in Robotics', 'Teaching Assistant'),
    ('2233578896', 'Renewable Energy Innovations', 'Research Assistant'),
    ('2345678901', 'Genomic Data Analysis for Precision Medicine', 'Teaching Assistant'),
    ('3334445556', 'Mobile App Development for Health', 'Research Assistant'),
    ('3344556673', 'AR Applications in Education', 'Teaching Assistant'),
    ('3344556674', 'E-commerce Security Measures', 'Research Assistant'),
    ('3344556676', 'Digital Marketing Strategies', 'Teaching Assistant'),
    ('3344556677', 'Cloud Computing in Business', 'Research Assistant'),
    ('3344556678', 'Social Media Analytics', 'Teaching Assistant'),
    ('3344556680', 'Health Informatics Transformation', 'Research Assistant'),
    ('4455667784', 'Biochemical Engineering for Sustainability', 'Teaching Assistant'),
    ('4455667785', 'Renewable Energy Policy Impact', 'Research Assistant'),
    ('4455667787', 'Data Privacy in Online Services', 'Teaching Assistant'),
    ('4455667788', 'Human Rights and Technology Ethics', 'Research Assistant'),
    ('4455667789', 'Autonomous Vehicles Challenges', 'Teaching Assistant'),
    ('4455667791', 'Cryptography and Network Security', 'Research Assistant'),
    ('5520778895', 'Natural Language Processing Insights', 'Teaching Assistant'),
    ('5544332211', 'Climate Change Modeling Impact', 'Research Assistant'),
    ('5566768899', 'Geospatial Data Analysis for Urban Planning', 'Teaching Assistant'),
    ('5566778885', 'Biomedical Imaging Techniques', 'Research Assistant'),
    ('5566778886', 'Financial Fraud Detection with ML', 'Teaching Assistant'),
    ('5566778887', 'Human-Centered UI Design', 'Research Assistant'),
    ('5566778888', 'IoT Applications in Smart Cities', 'Teaching Assistant'),
    ('5566778889', 'Supply Chain Optimization with Analytics', 'Research Assistant'),
    ('5566778890', 'Educational Technology Innovations', 'Teaching Assistant'),
    ('5566778891', 'Smart Cities Development Strategies', 'Research Assistant'),
    ('5566778892', 'VR in Education Learning Experiences', 'Teaching Assistant'),
    ('5566778893', 'Social Impact of Technology', 'Research Assistant'),
    ('5566778894', 'Robotics in Healthcare Improvements', 'Teaching Assistant'),
    ('5566778895', 'Game Development Creativity', 'Research Assistant'),
    ('5566778896', 'Ethical Hacking for Cybersecurity', 'Teaching Assistant'),
    ('5566778898', 'Supply Chain Analytics Optimization', 'Research Assistant'),
    ('5566778899', 'Biological Data Mining Insights', 'Teaching Assistant'),
    ('5569018892', 'Precision Agri Technologies', 'Research Assistant'),
    ('5588008890', 'Smart Home Systems Automation', 'Teaching Assistant'),
    ('5678991234', 'Machine Vision Image Recognition', 'Research Assistant'),
    ('6543210987', 'Digital Forensics Investigations', 'Teaching Assistant'),
    ('6677889900', 'Autonomous Drones Applications', 'Research Assistant'),
    ('6677889906', 'Quantum Cryptography for Security', 'Teaching Assistant'),
    ('6677889907', 'Urban Planning with GIS', 'Research Assistant'),
    ('6677889909', 'Blockchain in Supply Chain', 'Teaching Assistant'),
    ('6677889911', 'Healthcare Informatics Improvements', 'Research Assistant'),
    ('6677889914', 'Data Ethics in Decision Making', 'Teaching Assistant'),
    ('7788990011', 'Epidemiological Modeling for Disease Spread', 'Research Assistant'),
    ('7788990017', 'Natural Resource Management Practices', 'Teaching Assistant'),
    ('7788990018', 'HCI in Education Pedagogical Insights', 'Research Assistant'),
    ('7788990020', 'Graph Theory in Network Security', 'Teaching Assistant'),
    ('7788990022', 'Information Retrieval Systems Enhancement', 'Research Assistant'),
    ('7788990025', 'Computational Biology Insights', 'Teaching Assistant'),
    ('7890123456', 'Telemedicine Applications Transformation', 'Research Assistant'),
    ('8899001128', '3D Printing Technologies Innovations', 'Teaching Assistant'),
    ('8899001129', 'Biometric Authentication Systems Security', 'Research Assistant'),
    ('8899001131', 'Space Exploration Technologies', 'Teaching Assistant'),
    ('8899001133', 'Smart Agriculture Improving Crop Yield', 'Research Assistant'),
    ('8899001136', 'Cyber-Physical Systems Integration', 'Teaching Assistant'),
    ('9876543210', 'Digital Sociology Impact on Society', 'Research Assistant');

-- 


-- alter STU_GRAD
Alter table STU_GRAD
SET Thesis = 'Bladerunner cultural significance'
WHERE NSHE_ID = '5566778899';



CREATE Table ENDORSES(
Club_ID char(5) not null references CLUB(Club_ID),
Staff_ID char (8) not null references STAFF(Staff_ID)
);

    
    -- Insert sample data into ENDORSES
INSERT INTO ENDORSES (Club_ID, Staff_ID) VALUES
('10001', '321645'),
('10002', '502154'),
('10003', '10055753'),
('10004', '10034711'),
('10005', '10049332'),
('10006', '10092706'),
('10007', '10041794'),
('10008', '10214063'),
('10009', '10219131'),
('10010', '10210548'),
('10011', '10221303'),
('10012', '10219863'),
('10013', '10219838'),
('10014', '10212341'),
('10015', '10106176'),
('10016', '10205989'),
('10017', '10105159'),
('10018', '10203251'),
('10019', '10010889'),
('10020', '10013758'),
('10021', '10077608'),
('10022', '10074360'),
('10023', '10064432'),
('10024', '558327'),
('10025', '10039659'),
('10026', '10212964'),
('10027', '10107643'),
('10028', '10216476'),
('10029', '10207659'),
('10030', '10057968'),
('10031', '324401'),
('10032', '313501'),
('10033', '558229'),
('10034', '10208870'),
('10035', '10056971'),
('10036', '10117916'),
('10037', '10012189'),
('10038', '10211314'),
('10039', '10209954'),
('10040', '10220280'),
('10041', '10048816'),
('10042', '10218840'),
('10043', '10212058'),
('10044', '10051228'),
('10045', '10283473'),
('10046', '10284756'),
('10047', '10293746'),
('10048', '10293746'),
('10020', '321645'),
('10021', '502154'),
('10022', '558327'),
('10023', '10034711'),
('10024', '10293746'),
('10025', '313501'),
('10026', '10105159'),
('10027', '10208870'),
('10028', '10048816'),
('10029', '10205989'),
('10030', '10051228'),
('10031', '10105159'),
('10032', '558229'),
('10033', '313501'),
('10034', '10209954'),
('10035', '10203251'),
('10037', '10212964'),
('10038', '10039659'),
('10039', '10010889');

--delete from endorses
 DELETE from ENDORSES
WHERE staff_ID = '10033'

--Add club to another staff



CREATE TABLE JOINS(
    NSHE_ID Char (10) references  STUDENT(NSHE_ID),
    CLUB_ID Char (10) references  CLUB(CLUB_ID)
);

INSERT INTO JOINS (NSHE_ID, CLUB_ID) VALUES
('1234567890', '10001'),
('9876543210', '10002'),
('5678901234', '10003'),
('0123456789', '10004'),
('1112233344', '10005'),
('4455667788', '10006'),
('9988776655', '10007'),
('6677889900', '10008'),
('1122334455', '10009'),
('5566778899', '10010'),
('5544332211', '10011'),
('2233445566', '10012'),
('7788990011', '10013'),
('2001922785', '10014'),
('3344556677', '10015'),
('1022334455', '10016'),
('5566768899', '10017'),
('1122334456', '10018'),
('5566778896', '10019'),
('1122334457', '10020'),
('5566778895', '10021'),
('1122334458', '10022'),
('5566778894', '10023'),
('1122334459', '10024'),
('5566778893', '10025'),
('1122334460', '10026'),
('5566778892', '10027'),
('1122334461', '10028'),
('5566778891', '10029'),
('1122334462', '10030'),
('5566778890', '10031'),
('1122334463', '10032'),
('5566778889', '10033'),
('1122334464', '10034'),
('5566778888', '10035'),
('1122334465', '10036'),
('5566778887', '10037'),
('1122334466', '10038'),
('5566778886', '10039'),
('1122334467', '10040'),
('2001699515', '10041'),
('2001699515', '10042'),
('2001699515', '10043'),
('2001699515', '10044'),
('2001699515', '10045'),
('2001699515', '10046'),
('2001699515', '10047'),
('2001699515', '10048'),
('2001699515', '10049'),
('2001699515', '10050'),
('1022334455', '10002'),
('1098764321', '10003'),
('1098765431', '10004'),
('1100998877', '10005'),
('1112233344', '10006'),
('1122334450', '10007'),
('1122334455', '10008'),
('1122334456', '10009'),
('1122334457', '10010'),
('1122334458', '10011'),
('1122334459', '10012'),
('1122334460', '10013'),
('1122334461', '10014'),
('1122334462', '10015'),
('1122334463', '10016'),
('1122334464', '10017'),
('1122334465', '10018'),
('1122334466', '10019'),
('1122334467', '10020'),
('1122334468', '10021'),
('1122334469', '10022'),
('1122334470', '10023'),
('1122334472', '10024'),
('1122334474', '10025'),
('1122334476', '10026'),
('1234567890', '10027'),
('2001699515', '10028'),
('2001922785', '10029'),
('2109875432', '10030'),
('2109876542', '10031'),
('2211009988', '10032'),
('2233445500', '10033'),
('2233445560', '10034'),
('2233445561', '10035'),
('2233445566', '10036'),
('2233445569', '10037'),
('2233445570', '10038'),
('2233445571', '10039'),
('2233445573', '10040'),
('2233445575', '10041'),
('2233445577', '10042'),
('2233578896', '10043'),
('2244123456', '10044'),
('2345678901', '10045'),
('3210986543', '10046'),
('3210987653', '10047'),
('3322110099', '10048'),
('3334445556', '10049'),
('3344556600', '10050'),
('3344556670', '10001'),
('3344556672', '10001'),
('3344556673', '10001'),
('3344556674', '10001'),
('3344556676', '10001'),
('3344556677', '10001'),
('3344556678', '10001'),
('3344556680', '10001'),
('4321097654', '10001'),
('4321098764', '10002'),
('4433221100', '10002'),
('4455667700', '10002'),
('4455667780', '10002'),
('4455667783', '10003'),
('4455667784', '10003'),
('4455667785', '10003'),
('4455667787', '10003'),
('4455667788', '10003'),
('4455667789', '10003'),
('4455667791', '10003'),
('4567890123', '10003'),
('5432108765', '10003'),
('5432109875', '10004'),
('5500008894', '10004'),
('5520778895', '10004'),
('5544332211', '10004'),
('5566200090', '10004'),
('5566768899', '10004'),
('5566778800', '10004'),
('5566778885', '10004'),
('5566778886', '10005'),
('5566778887', '10005'),
('5566778888', '10005'),
('5566778889', '10006'),
('5566778890', '10006'),
('5566778891', '10006'),
('5566778892', '10006'),
('5566778893', '10006'),
('5566778894', '10007'),
('5566778895', '10007'),
('5566778896', '10007'),
('5566778898', '10007'),
('5566778899', '10007'),
('5569018892', '10007'),
('5588008890', '10008'),
('5678901234', '10008'),
('5678991234', '10009'),
('5987332211', '10009'),
('6022334460', '10009'),
('6543210986', '10009'),
('1100998877', '10009'),
('1112233344', '10009'),
('1122334450', '10010'),
('1122334455', '10010'),
('1122334456', '10010'),
('1122334457', '10010'),
('1122334458', '10010'),
('1122334459', '10010'),
('1122334460', '10010'),
('1122334461', '10010'),
('1122334462', '10011'),
('1122334463', '10011'),
('1122334464', '10011'),
('1122334465', '10011'),
('1122334466', '10012'),
('1122334467', '10012'),
('1122334468', '10012'),
('1122334469', '10012'),
('1122334470', '10012'),
('1122334472', '10013'),
('1122334474', '10013'),
('1122334476', '10013'),
('1234567890', '10013'),
('1234567890', '10013'),
('2001699515', '10013'),
('2001922785', '10014'),
('2109875432', '10014'),
('2109876542', '10014'),
('2211009988', '10014'),
('2233445500', '10014'),
('2233445560', '10014'),
('2233445561', '10014'),
('2233445566', '10015'),
('2233445569', '10015'),
('2233445570', '10015'),
('2233445571', '10015'),
('2233445573', '10016'),
('2233445575', '10016'),
('2233445577', '10016'),
('2233578896', '10016'),
('2244123456', '10017'),
('2345678901', '10017'),
('3210986543', '10017'),
('3210987653', '10017'),
('3322110099', '10018'),
('3334445556', '10018'),
('3344556600', '10018'),
('3344556670', '10018'),
('3344556672', '10019'),
('3344556673', '10019'),
('3344556674', '10019'),
('3344556676', '10019'),
('3344556677', '10020'),
('3344556678', '10020'),
('3344556680', '10020'),
('4321097654', '10020'),
('4321098764', '10021'),
('1122334464', '10021'),
('1122334465', '10021'),
('1122334466', '10021'),
('1122334467', '10021'),
('1122334468', '10022'),
('1122334469', '10022'),
('1122334470', '10022'),
('1122334472', '10023'),
('1122334474', '10023'),
('1122334476', '10023'),
('1234567890', '10024'),
('1234567890', '10024'),
('2001699515', '10024'),
('2001922785', '10024'),
('2109875432', '10025'),
('2109876542', '10025'),
('2211009988', '10025'),
('2233445500', '10025'),
('2233445560', '10025'),
('2233445561', '10025'),
('2233445566', '10026'),
('2233445569', '10026'),
('2233445570', '10026'),
('2233445571', '10026'),
('2233445573', '10026'),
('2233445575', '10027'),
('2233445577', '10027'),
('1022334455', '10027'),
('1098764321', '10028'),
('1098765431', '10028'),
('1100998877', '10028'),
('1112233344', '10028'),
('1122334450', '10028'),
('1122334455', '10029'),
('1122334456', '10029'),
('1122334457', '10029'),
('1122334458', '10030'),
('1122334459', '10030'),
('1122334460', '10030'),
('1122334461', '10030'),
('1122334462', '10030'),
('1122334463', '10031'),
('1122334464', '10031'),
('1122334465', '10031'),
('1122334466', '10031'),
('1122334467', '10032'),
('1122334468', '10032'),
('1122334469', '10032'),
('1122334470', '10032'),
('1122334472', '10032'),
('1122334474', '10032'),
('1122334476', '10032'),
('1234567890', '10032'),
('2001699515', '10032'),
('2001922785', '10032'),
('2109875432', '10032'),
('2109876542', '10032'),
('2211009988', '10033'),
('2233445500', '10033'),
('2233445560', '10033'),
('2233445561', '10033'),
('2233445566', '10033'),
('2233445569', '10034'),
('2233445570', '10034'),
('2233445571', '10034'),
('2233445573', '10034'),
('2233445575', '10034'),
('2233445577', '10034'),
('2233578896', '10034'),
('2244123456', '10035'),
('2345678901', '10035'),
('3210986543', '10035'),
('3210987653', '10035'),
('3322110099', '10035'),
('3334445556', '10035'),
('3344556600', '10035'),
('3344556670', '10035'),
('3344556672', '10036'),
('3344556673', '10036'),
('3344556674', '10036'),
('3344556676', '10036'),
('3344556677', '10036'),
('3344556678', '10036'),
('3344556680', '10036'),
('4321097654', '10037'),
('4321098764', '10037'),
('4433221100', '10037'),
('4455667700', '10037'),
('4455667780', '10037'),
('4455667783', '10038'),
('4455667784', '10038'),
('4455667785', '10038'),
('4455667787', '10038'),
('4455667788', '10039'),
('4455667789', '10039'),
('4455667791', '10039'),
('4567890123', '10039'),
('5432108765', '10040'),
('5432109875', '10040'),
('5500008894', '10040'),
('5520778895', '10040'),
('5544332211', '10041'),
('5566200090', '10041'),
('5566768899', '10041'),
('5566778800', '10041'),
('5566778885', '10041'),
('5566778886', '10041'),
('5566778887', '10042'),
('5566778888', '10042'),
('5566778889', '10042'),
('5566778890', '10042'),
('5566778891', '10042'),
('5566778892', '10042'),
('5566778893', '10043'),
('5566778894', '10043'),
('5566778895', '10043'),
('5566778896', '10043'),
('5566778898', '10043'),
('5566778899', '10043'),
('5569018892', '10045'),
('5588008890', '10045'),
('5678901234', '10045'),
('5678991234', '10045'),
('5987332211', '10045'),
('6022334460', '10045'),
('6543210986', '10045'),
('1100998877', '10047'),
('1112233344', '10047'),
('1122334450', '10047'),
('1122334455', '10047'),
('1122334456', '10047'),
('1122334457', '10047'),
('1122334458', '10048'),
('1122334459', '10048'),
('1122334460', '10048'),
('1122334461', '10048'),
('1122334462', '10048'),
('1122334463', '10048'),
('1122334464', '10048'),
('1122334465', '10048'),
('1122334466', '10048'),
('1122334467', '10048'),
('1122334468', '10048'),
('1122334469', '10048'),
('1122334470', '10048'),
('1122334472', '10049'),
('1122334474', '10049'),
('1122334476', '10049'),
('1234567890', '10049'),
('1234567890', '10049'),
('2001699515', '10049'),
('2001922785', '10049'),
('2109875432', '10049'),
('2109876542', '10049'),
('2211009988', '10049'),
('2233445500', '10049'),
('2233445560', '10049'),
('2233445561', '10050'),
('2233445566', '10050'),
('2233445569', '10050'),
('2233445570', '10050'),
('2233445571', '10050'),
('2233445573', '10050'),
('2233445575', '10050'),
('2233445577', '10050'),
('2233578896', '10050'),
('2244123456', '10050'),
('2345678901', '10024'),
('3210986543', '10024'),
('3210987653', '10024'),
('3322110099', '10024'),
('3334445556', '10024'),
('3344556600', '10024'),
('3344556670', '10024'),
('3344556672', '10024'),
('3344556673', '10024'),
('3344556674', '10024'),
('3344556676', '10024'),
('3344556677', '10024'),
('3344556678', '10024'),
('3344556680', '10024'),
('4321097654', '10024'),
('4321098764', '10024'),
('1122334464', '10024'),
('1122334465', '10024'),
('1122334466', '10008'),
('1122334467', '10008'),
('1122334468', '10008'),
('1122334469', '10008'),
('1122334470', '10008'),
('1122334472', '10008'),
('1122334474', '10008'),
('1122334476', '10008'),
('1234567890', '10008'),
('1234567890', '10008'),
('2001699515', '10008'),
('2001922785', '10008'),
('2109875432', '10008'),
('2109876542', '10008'),
('2211009988', '10008'),
('2233445500', '10008'),
('2233445560', '10008'),
('2233445561', '10008'),
('2233445566', '10008'),
('2233445569', '10008'),
('2233445570', '10001'),
('2233445571', '10001'),
('2233445573', '10001'),
('2233445575', '10001'),
('2233445577', '10001');



---Data deletion
DELETE FROM JOINS
WHERE NSHE_ID='2001699515'
AND CLUB_ID='10044';

---UPDATE 10013
UPDATE JOINS
SET CLUB_ID = '10044'
WHERE NSHE_ID='5566778886';


Create TABLE MAJOR(
NSHE_ID char (10) primary key references STUDENT(NSHE_ID),
Major_Name char (10) not null 
);

Alter Table MAJOR
Modify Major_Name varchar (75) NOT NULL;



--DATA ENTRY FOR TABLES
-- Replace data in MAJOR table with data from STUDENT table
INSERT INTO MAJOR (NSHE_ID, Major_Name) VALUES
('1234567890', 'Computer Science'),
('9876543210', 'Electrical Engineering'),
('5678901234', 'Psychology'),
('0123456789', 'Business Administration'),
('1112233344', 'Biology'),
('4455667788', 'Mechanical Engineering'),
('9988776655', 'Communications'),
('6677889900', 'Finance'),
('1122334455', 'Chemistry'),
('5566778899', 'Political Science'),
('5544332211', 'Economics'),
('2233445566', 'Physics'),
('7788990011', 'Marketing'),
('2001922785', 'History'),
('3344556677', 'Sociology'),
('1022334455', 'Computer Engineering'),
('5566768899', 'English Literature'),
('1122334456', 'Environmental Science'),
('5566778896', 'International Relations'),
('1122334457', 'Criminal Justice'),
('5566778895', 'Anthropology'),
('1122334458', 'Civil Engineering'),
('5566778894', 'Mathematics'),
('1122334459', 'Graphic Design'),
('5566778893', 'Nursing'),
('1122334460', 'Art History'),
('5566778892', 'Mechatronics'),
('1122334461', 'Geology'),
('5566778891', 'Philosophy'),
('1122334462', 'Astronomy'),
('5566778890', 'Information Technology'),
('1122334463', 'Human Resource Management'),
('5566778889', 'Public Health'),
('1122334464', 'Social Work'),
('5566778888', 'Urban Planning'),
('1122334465', 'Computer Information Systems'),
('5566778887', 'Journalism'),
('1122334466', 'Linguistics'),
('5566778886', 'Drama'),
('1122334467', 'Nutrition'),
('5566778885', 'Chemical Engineering'),
('2001699515', 'Music Composition');


---Data deletion
DELETE from MAJOR
WHERE NSHE_ID = '5566778895'

---UPDATE 222222
UPDATE MAJOR
SET MAJOR_NAME = 'Chinese'
WHERE NSHE_ID = '1122334466';

CREATE TABLE STAFF(
Staff_ID Char(8) Not Null Primary Key,
First_Name Varchar(15),
Last_Name Varchar(15),
Position Char(1)
);

--
-- Dumping data for table STAFF
--

INSERT INTO STAFF (Staff_ID, First_Name, Last_Name, Position)
VALUES (321645, 'KIM', 'ANTUNES', 'A'),
(502154, 'PATTI', 'HANKS', 'F'),
(10055753, 'LOIS', 'MARX', 'I'),
(10034711, 'JILL', 'PRESTON', 'I'),
(10049332, 'NAOMI', 'SILVEIRA', 'I'),
(10092706, 'LOGAN', 'HOTZEL', 'F'),
(10041794, 'RILEY', 'WILLIAMS', 'I'),
(10214063, 'MARCELLUS', 'BROWN', 'I'),
(10219131, 'SYDNEY', 'BROWN', 'I'),
(10210548, 'ARMAND', 'BELEC-LUZAK', 'I'),
(10221303, 'PATRICIA', 'CASTRO', 'A'),
(10219863, 'NATASHA', 'DEMOSS', 'I'),
(10219838, 'OMAR', 'DOMINGUEZ', 'I'),
(10212341, 'JEREMY', 'DOOMS', 'I'),
(10106176, 'JENNIFER', 'ELDER', 'F'),
(10205989, 'ANN', 'FRANKLIN', 'I'),
(10105159, 'SANDRA', 'GODFREY', 'I'),
(10203251, 'KAILA', 'GAY', 'I'),
(10010889, 'SACHA', 'HAYES', 'I'),
(10013758, 'DENISE', 'JOYE-DESOTO', 'I'),
(10077608, 'SHARON', 'LOPEZ', 'F'),
(10074360, 'LEXYIA', 'MANUEL', 'I'),
(10064432, 'TIMEKA', 'MITCHELL', 'I'),
(558327, 'JEMMA', 'PAULINO', 'A'),
(10039659, 'ARELY', 'QUIRINO', 'I'),
(10212964, 'LESTER', 'ROBERTS', 'I'),
(10107643, 'ODAYSIA', 'ROSS', 'I'),
(10216476, 'NATHAN', 'STERLING', 'I'),
(10207659, 'AMELIA', 'RIVAS', 'F'),
(10057968, 'SHELLY', 'KERBRAT', 'I'),
(324401, 'VIVIAN', 'AGUAYO', 'I'),
(313501, 'KARYN', 'BACHMEIER', 'I'),
(558229, 'PATRICIA', 'BREEN', 'F'),
(10208870, 'DANIELLE', 'CARR', 'I'),
(10056971, 'KIMBERLY', 'MATTHEWS', 'I'),
(10117916, 'JONATHAN', 'SAAVEDRA-CORTEZ', 'I'),
(10012189, 'MARIA', 'CRUZ', 'A'),
(10211314, 'JENNIFER', 'CALVIN', 'I'),
(10209954, 'ANNAMARIA', 'CORREA', 'I'),
(10220280, 'MIRIAM', 'DENTON', 'I'),
(10048816, 'MARY', 'FEYT', 'I'),
(10218840, 'EMILEA', 'LABAR', 'F'),
(10212058, 'ALEJANDRO', 'PADILLA', 'I'),
(10051228, 'YVONNE', 'CARMICHAEL', 'F'),
(10063864, 'CRISTIANO', 'MITCHELL', 'I'),
(10047721, 'ROCHELLE', 'POSEY', 'I'),
(10283473, 'ALEXANDER', 'REYES', 'F'),
(10284756, 'MATTHEW', 'BABINA', 'A'),
(10293746, 'SANDRA', 'NINO', 'F'),
(10293745, 'LAJUAN', 'DAVIS', 'A');

INSERT INTO STAFF (Staff_ID, First_Name, Last_Name, Position)
VALUES (10452349, 'LAUREL', 'SMALL', 'I');

UPDATE STAFF
SET  Staff_ID = '10273653'
WHERE First_Name = 'LAUREL';

DELETE FROM STAFF
WHERE Staff_ID = '10293745';